0.0974535197019577,0.8444322943687439,3.0538993200934783e-07,0.19135437905788422,0.8254493474960327,0.023912690579891205,0.2630833685398102,0.8045754432678223,0.014528113417327404,0.3175874948501587,0.8078107833862305,-0.012026150710880756,0.36898306012153625,0.8299188017845154,-0.041576534509658813,0.24094273149967194,0.596453070640564,0.03718451410531998,0.269538551568985,0.46830153465270996,0.02011517621576786,0.3028078079223633,0.4101922810077667,0.008135736919939518,0.33087536692619324,0.3673118054866791,-0.0013640206307172775,0.2154093086719513,0.5753825902938843,-0.0027894743252545595,0.2996635138988495,0.5194987058639526,-0.04056372866034508,0.30895912647247314,0.6253671050071716,-0.05417165160179138,0.2875543534755707,0.684074342250824,-0.05284666270017624,0.18807564675807953,0.5702772736549377,-0.044560302048921585,0.2650500237941742,0.5509226322174072,-0.08499807119369507,0.2559320628643036,0.6669167280197144,-0.07978290319442749,0.22429797053337097,0.7116261720657349,-0.06378499418497086,0.1612064391374588,0.5803890228271484,-0.08476652204990387,0.2257041037082672,0.5386379957199097,-0.10839521139860153,0.23007160425186157,0.6216543316841125,-0.0950123593211174,0.20548786222934723,0.6694339513778687,-0.07858282327651978,screenshot
0.14004351198673248,0.7772910594940186,2.855709055893385e-07,0.22612689435482025,0.7790663838386536,0.02428808994591236,0.2945396602153778,0.7509675025939941,0.021778782829642296,0.34568655490875244,0.753044843673706,0.0027400541584938765,0.3968828320503235,0.7606303691864014,-0.018070995807647705,0.2737233638763428,0.5717679262161255,0.05445576831698418,0.3107469975948334,0.4632890820503235,0.04155253991484642,0.3470541536808014,0.4272404611110687,0.0297931507229805,0.37691476941108704,0.4057115614414215,0.020916810259222984,0.25539740920066833,0.5470443367958069,0.018556125462055206,0.3329065442085266,0.49989309906959534,-0.020367030054330826,0.3375168740749359,0.5968056321144104,-0.03809273615479469,0.31605157256126404,0.6542342901229858,-0.037635281682014465,0.23308762907981873,0.5291333198547363,-0.020063666626811028,0.3083990216255188,0.5061130523681641,-0.06040434166789055,0.29305216670036316,0.6151620745658875,-0.05894112586975098,0.2608718276023865,0.6583718061447144,-0.04390717297792435,0.21048426628112793,0.5225573778152466,-0.05707954242825508,0.27446410059928894,0.4936124086380005,-0.08145108819007874,0.27352821826934814,0.574002206325531,-0.07183129340410233,0.24957230687141418,0.615343451499939,-0.05703595280647278,screenshot
0.08867742866277695,0.8508637547492981,-4.436710909772046e-08,0.19557945430278778,0.8210816383361816,0.07236488163471222,0.2661586105823517,0.7710882425308228,0.0880184918642044,0.3228483200073242,0.7605717182159424,0.07729491591453552,0.3779790699481964,0.7559047937393188,0.0627550408244133,0.22992007434368134,0.551351010799408,0.09936947375535965,0.2820923924446106,0.4376164972782135,0.09310486912727356,0.335986465215683,0.4271010756492615,0.08190176635980606,0.3728804290294647,0.44234874844551086,0.07191195338964462,0.2112853080034256,0.5395761132240295,0.03859781473875046,0.3133598864078522,0.5022289752960205,0.0074917906895279884,0.32004907727241516,0.626381516456604,-0.008850698359310627,0.2896276116371155,0.6879228353500366,-0.010883706621825695,0.19873152673244476,0.5464028716087341,-0.02175075374543667,0.293677419424057,0.4997722804546356,-0.05086537078022957,0.29500454664230347,0.6332638263702393,-0.04433688521385193,0.265049010515213,0.686634361743927,-0.031722575426101685,0.19353099167346954,0.5687991380691528,-0.07748058438301086,0.26916584372520447,0.5235350728034973,-0.0996125340461731,0.27474895119667053,0.607892632484436,-0.08981653302907944,0.2477937638759613,0.6496812105178833,-0.07758975774049759,screenshot
0.08925027400255203,0.8568751215934753,1.9489522173898877e-07,0.1958937793970108,0.8260693550109863,0.06175646558403969,0.2642025649547577,0.7763268947601318,0.07353570312261581,0.3226727545261383,0.7688955068588257,0.059381742030382156,0.3772891163825989,0.7842540740966797,0.041975248605012894,0.22866736352443695,0.5642061233520508,0.10339080542325974,0.25431475043296814,0.43648529052734375,0.10813271254301071,0.2852923274040222,0.3705938458442688,0.10464479774236679,0.30314934253692627,0.3142109215259552,0.09679242223501205,0.20979535579681396,0.5488771796226501,0.047751717269420624,0.2902417480945587,0.46645691990852356,0.026207204908132553,0.3126892149448395,0.5756304264068604,0.011957583948969841,0.2928171157836914,0.635097324848175,0.010029226541519165,0.1915913224220276,0.5445001125335693,-0.008726503700017929,0.27201876044273376,0.475563108921051,-0.033978745341300964,0.28198811411857605,0.5975522398948669,-0.03398788347840309,0.25536492466926575,0.6498464941978455,-0.02625247836112976,0.18071377277374268,0.5517175197601318,-0.06124449148774147,0.2516772747039795,0.49998754262924194,-0.07907148450613022,0.26291126012802124,0.5850034356117249,-0.0728827565908432,0.23696860671043396,0.6335588693618774,-0.06477311998605728,screenshot
0.09751575440168381,0.8403850793838501,9.418513258196981e-08,0.20018763840198517,0.8114914298057556,0.04319055750966072,0.2740125060081482,0.7536439299583435,0.05150724947452545,0.3295838534832001,0.7387774586677551,0.03940543159842491,0.3841204345226288,0.7418630123138428,0.024687105789780617,0.2414599359035492,0.5534654855728149,0.07081274688243866,0.2672852575778961,0.41620177030563354,0.06540962308645248,0.3005642592906952,0.3543957471847534,0.05869924649596214,0.32630547881126404,0.3067697286605835,0.05047938600182533,0.22031837701797485,0.5349324345588684,0.02430005371570587,0.30376848578453064,0.4582117199897766,-0.011282888241112232,0.3187311589717865,0.5666984915733337,-0.028012622147798538,0.2953526973724365,0.632723331451416,-0.028727931901812553,0.19522687792778015,0.5290980935096741,-0.02336152270436287,0.2752326428890228,0.4576217532157898,-0.062273044139146805,0.2809852957725525,0.5778747797012329,-0.06206456199288368,0.2556115984916687,0.6351127028465271,-0.050105687230825424,0.17080271244049072,0.536446213722229,-0.06785046309232712,0.23949091136455536,0.47202327847480774,-0.09692157059907913,0.2526700496673584,0.5503491163253784,-0.09259901195764542,0.23393791913986206,0.5971267223358154,-0.08264320343732834,screenshot
0.16364765167236328,0.8488516211509705,5.8857935414380336e-08,0.25956904888153076,0.8297119736671448,0.032651375979185104,0.32939600944519043,0.7934654951095581,0.024335600435733795,0.3882209360599518,0.7865487337112427,-0.0021226713433861732,0.43830156326293945,0.7853991389274597,-0.028841981664299965,0.28669100999832153,0.5407713651657104,0.053430020809173584,0.3270479440689087,0.46538418531417847,0.041314177215099335,0.3622707426548004,0.4300532042980194,0.036401357501745224,0.3962097465991974,0.41605299711227417,0.03304189816117287,0.2696133553981781,0.521923303604126,0.014763254672288895,0.35807523131370544,0.6004502177238464,-0.010264149866998196,0.32559528946876526,0.6852193474769592,-0.009965609759092331,0.29141563177108765,0.6745337247848511,-0.0008334806771017611,0.25431546568870544,0.530487060546875,-0.026123102754354477,0.3331161141395569,0.6187441349029541,-0.04968195781111717,0.3001536726951599,0.6979058980941772,-0.03899103030562401,0.2698043882846832,0.6812326908111572,-0.025257989764213562,0.24208955466747284,0.5577067732810974,-0.06578018516302109,0.30501505732536316,0.625721275806427,-0.07197430729866028,0.28561732172966003,0.6826814413070679,-0.05745166167616844,0.25807011127471924,0.6731463074684143,-0.04373568296432495,screenshot
0.14648514986038208,0.7515380382537842,2.2236415020415734e-07,0.23155687749385834,0.7446683049201965,0.005442123394459486,0.31433677673339844,0.7127044200897217,-0.00766099663451314,0.37530791759490967,0.7266365885734558,-0.031499654054641724,0.42762115597724915,0.7668637037277222,-0.05591985955834389,0.2890726327896118,0.4859422445297241,0.0189509354531765,0.3317379653453827,0.3859387934207916,-0.003122530644759536,0.3712668716907501,0.33707553148269653,-0.013108689337968826,0.4049516022205353,0.30632394552230835,-0.019363312050700188,0.26410987973213196,0.46034350991249084,-0.006083233281970024,0.3583664000034332,0.4715227484703064,-0.04666079208254814,0.32783541083335876,0.5898782014846802,-0.04990125820040703,0.2899886667728424,0.6096940040588379,-0.03834114596247673,0.2379092127084732,0.4491487741470337,-0.03452300652861595,0.3178557753562927,0.4897829294204712,-0.07817757874727249,0.2846572995185852,0.5969170928001404,-0.06707531958818436,0.24701309204101562,0.5925705432891846,-0.045439667999744415,0.20865634083747864,0.4539140462875366,-0.06234215945005417,0.27833184599876404,0.47468674182891846,-0.08552148938179016,0.2672255337238312,0.5584980845451355,-0.0694476068019867,0.23774518072605133,0.5626576542854309,-0.050091300159692764,screenshot
0.15706807374954224,0.7352217435836792,7.810088931137216e-08,0.24265891313552856,0.7266845703125,0.021496322005987167,0.3128710389137268,0.692526638507843,0.01760910451412201,0.3662588894367218,0.6836013197898865,-0.0004868936084676534,0.41377708315849304,0.668248176574707,-0.017642877995967865,0.2912014126777649,0.5007146596908569,0.04410754144191742,0.3445342779159546,0.41918784379959106,0.019489984959363937,0.388872891664505,0.43303442001342773,0.004693628754466772,0.4180522561073303,0.4635097086429596,-0.001798895187675953,0.2714152932167053,0.47431719303131104,0.013585093431174755,0.3537992537021637,0.49141478538513184,-0.02482079714536667,0.3290534019470215,0.5926558971405029,-0.03460913896560669,0.2968808114528656,0.6010778546333313,-0.02988051064312458,0.251179039478302,0.45606520771980286,-0.020380916073918343,0.3265928626060486,0.48274892568588257,-0.05767037346959114,0.29781636595726013,0.5771974921226501,-0.046676576137542725,0.2635904550552368,0.5707067847251892,-0.027688851580023766,0.22715160250663757,0.4486386179924011,-0.05317281186580658,0.2943572700023651,0.4639327824115753,-0.07119017839431763,0.2815897464752197,0.5335853099822998,-0.05366054177284241,0.2505146861076355,0.5332074165344238,-0.03395529463887215,screenshot
0.14029696583747864,0.7288338541984558,8.707630883009188e-08,0.22715511918067932,0.726923406124115,0.022580347955226898,0.29938754439353943,0.693865954875946,0.01979328878223896,0.3519374430179596,0.6884486675262451,0.0020050015300512314,0.4009493589401245,0.6912461519241333,-0.016414497047662735,0.2796952426433563,0.5043978691101074,0.04722493886947632,0.3313539922237396,0.42370492219924927,0.022287853062152863,0.3749893605709076,0.4286888539791107,0.005484506953507662,0.4088388979434967,0.4474039375782013,-0.003787320340052247,0.2557002902030945,0.4759150445461273,0.014607921242713928,0.3373287618160248,0.4839652180671692,-0.027368446812033653,0.3102957606315613,0.5912286639213562,-0.03846421837806702,0.2776094973087311,0.6064180731773376,-0.033964041620492935,0.23176096379756927,0.4568937420845032,-0.02160104364156723,0.3071210980415344,0.4766407608985901,-0.06371556222438812,0.27632713317871094,0.5785621404647827,-0.05252809077501297,0.2410406917333603,0.5767991542816162,-0.032117802649736404,0.2043929100036621,0.44753262400627136,-0.056440018117427826,0.2733423709869385,0.4529682397842407,-0.07872401922941208,0.2601117193698883,0.5299072265625,-0.061237089335918427,0.22899363934993744,0.5350792407989502,-0.04118458181619644,screenshot
0.1341940313577652,0.742853581905365,3.4104741075680067e-07,0.2319221794605255,0.7315749526023865,0.038832563906908035,0.29843324422836304,0.6974323391914368,0.03695174679160118,0.3495911657810211,0.6965575814247131,0.014510815031826496,0.4040585458278656,0.7035089731216431,-0.010553909465670586,0.26483941078186035,0.48773065209388733,0.07216285169124603,0.29641973972320557,0.3803967237472534,0.05896064266562462,0.3294437527656555,0.3252672255039215,0.048645004630088806,0.3577970266342163,0.28547248244285583,0.0397629514336586,0.2410353124141693,0.4670795202255249,0.02490994520485401,0.3272997736930847,0.4306948184967041,-0.013293466530740261,0.3227912485599518,0.5430865287780762,-0.02532229945063591,0.2959067225456238,0.5785587430000305,-0.02101144753396511,0.2153332382440567,0.45441216230392456,-0.025342367589473724,0.29699966311454773,0.45723220705986023,-0.0674617737531662,0.27243030071258545,0.5764463543891907,-0.06092230603098869,0.23432990908622742,0.5837419629096985,-0.04406803846359253,0.19041478633880615,0.4495904743671417,-0.07277381420135498,0.2608121335506439,0.45828431844711304,-0.09558694064617157,0.24616792798042297,0.5443779230117798,-0.08151987195014954,0.20967254042625427,0.5511251091957092,-0.06559411436319351,screenshot
0.1369662880897522,0.7441680431365967,1.9769510117839673e-07,0.23565854132175446,0.741520345211029,0.04629874974489212,0.3014723062515259,0.7038524150848389,0.0494326613843441,0.35171908140182495,0.7030304670333862,0.03138549253344536,0.4023331105709076,0.7121815085411072,0.01082625798881054,0.27244043350219727,0.4963549077510834,0.07791467010974884,0.3077625334262848,0.39800435304641724,0.06604950875043869,0.345187783241272,0.3567611873149872,0.05825207009911537,0.37580323219299316,0.33209189772605896,0.05146735906600952,0.2486964911222458,0.4765406847000122,0.028340458869934082,0.33393508195877075,0.4579094648361206,-0.008787638507783413,0.31613579392433167,0.5733975172042847,-0.017969977110624313,0.2835526466369629,0.5946810841560364,-0.011812695302069187,0.22447426617145538,0.46333321928977966,-0.023733528330922127,0.3028823137283325,0.4718828797340393,-0.06566096097230911,0.2753334045410156,0.5886595845222473,-0.056174274533987045,0.23775731027126312,0.5838843584060669,-0.03774695470929146,0.20084981620311737,0.4574018716812134,-0.07224762439727783,0.2689773142337799,0.4672131836414337,-0.09638269245624542,0.2533302307128906,0.5513790249824524,-0.08146263659000397,0.21747758984565735,0.5507442355155945,-0.06484616547822952,screenshot
0.14848551154136658,0.8492535948753357,2.652400041824876e-07,0.24597564339637756,0.8129888772964478,0.04040750488638878,0.3150128424167633,0.7592239379882812,0.0448932945728302,0.3707372546195984,0.7483586668968201,0.02858169935643673,0.42498964071273804,0.754146158695221,0.009784589521586895,0.2778995633125305,0.5552542805671692,0.07996879518032074,0.3308306336402893,0.4771932363510132,0.06521065533161163,0.3770611584186554,0.4499814212322235,0.051039908081293106,0.4161137342453003,0.434734582901001,0.04013773426413536,0.2517637610435486,0.5341976881027222,0.03523692116141319,0.339470773935318,0.5075607895851135,-0.0023136979434639215,0.3365207016468048,0.6198215484619141,-0.01757791079580784,0.31199905276298523,0.6591933965682983,-0.016164397820830345,0.22745250165462494,0.52715003490448,-0.01252505462616682,0.3111518919467926,0.535637617111206,-0.053355611860752106,0.291082501411438,0.6576054096221924,-0.048217255622148514,0.25326740741729736,0.6730331778526306,-0.031857240945100784,0.20391832292079926,0.5328187942504883,-0.05775516480207443,0.2770370841026306,0.5359656810760498,-0.08018910139799118,0.26774489879608154,0.6209207773208618,-0.06683213263750076,0.23366864025592804,0.6327059864997864,-0.05055810511112213,screenshot
0.14389002323150635,0.7174773812294006,1.6147504311447847e-07,0.23362629115581512,0.7021263241767883,0.0349399596452713,0.2914566099643707,0.6620549559593201,0.03931306302547455,0.3408600389957428,0.6458630561828613,0.024673977866768837,0.38931185007095337,0.6420839428901672,0.008043443784117699,0.26043465733528137,0.4987572729587555,0.07887377589941025,0.30094531178474426,0.410196453332901,0.06405594944953918,0.33947086334228516,0.39272356033325195,0.049391135573387146,0.371414452791214,0.3905865252017975,0.03941285237669945,0.23823434114456177,0.47828489542007446,0.040052831172943115,0.3079628646373749,0.4585476219654083,0.0011726871598511934,0.29516294598579407,0.5557733178138733,-0.016819296404719353,0.2658597230911255,0.5877268314361572,-0.017035068944096565,0.2158275693655014,0.4599629342556,-0.0023839331697672606,0.2821447551250458,0.44936037063598633,-0.041750721633434296,0.26368266344070435,0.5504018068313599,-0.03809143230319023,0.23089446127414703,0.5669683218002319,-0.02294216863811016,0.19238610565662384,0.4431183636188507,-0.042730480432510376,0.2522434890270233,0.4275549352169037,-0.06382212787866592,0.24494020640850067,0.5007768273353577,-0.05144073814153671,0.21749265491962433,0.5192604064941406,-0.03588895499706268,screenshot
0.1361311972141266,0.8580508232116699,4.413326237795445e-08,0.22477808594703674,0.8316871523857117,0.035700686275959015,0.2901201546192169,0.79329913854599,0.03390825539827347,0.33883175253868103,0.7887945771217346,0.016244180500507355,0.38447195291519165,0.7963486313819885,-0.0030156008433550596,0.2586876153945923,0.5741085410118103,0.036907147616147995,0.29062792658805847,0.4777378439903259,0.0224655419588089,0.33087193965911865,0.4428657591342926,0.01677178591489792,0.364572674036026,0.433399498462677,0.012897508218884468,0.23811234533786774,0.5577287673950195,-0.002062633167952299,0.33499523997306824,0.5804991722106934,-0.032466258853673935,0.3248375654220581,0.6901350617408752,-0.03294982761144638,0.2959282398223877,0.7256375551223755,-0.02349100448191166,0.22010639309883118,0.567224383354187,-0.04121358320116997,0.3040478229522705,0.624851644039154,-0.06776264309883118,0.28241783380508423,0.7171499729156494,-0.052545905113220215,0.2500768303871155,0.7228299379348755,-0.03543521836400032,0.20420266687870026,0.5990920066833496,-0.07845403999090195,0.2707580626010895,0.6406210064888,-0.09125930070877075,0.25651615858078003,0.7097080945968628,-0.0747632309794426,0.22642938792705536,0.714107871055603,-0.05906033143401146,screenshot
0.13629019260406494,0.8513671159744263,4.4752336947340154e-08,0.22298391163349152,0.827644944190979,0.03263210505247116,0.2896749675273895,0.7897209525108337,0.029379019513726234,0.33739203214645386,0.7878602147102356,0.010625182650983334,0.3827049136161804,0.7966555953025818,-0.009849646128714085,0.25987154245376587,0.5721177458763123,0.0332660898566246,0.29461032152175903,0.46917903423309326,0.015966391190886497,0.33595722913742065,0.4377659857273102,0.009405381977558136,0.3701440989971161,0.4323071837425232,0.005659752991050482,0.23822414875030518,0.5552714467048645,-0.004471491556614637,0.3362883925437927,0.5830057859420776,-0.0380382314324379,0.3205699622631073,0.6955547332763672,-0.039282768964767456,0.288752019405365,0.7268043756484985,-0.029501451179385185,0.21803227066993713,0.5622499585151672,-0.042700719088315964,0.30283600091934204,0.6210150122642517,-0.07394677400588989,0.276502788066864,0.7166246771812439,-0.059203267097473145,0.24346181750297546,0.7196049690246582,-0.040766265243291855,0.19848957657814026,0.589945375919342,-0.0788440853357315,0.2668582499027252,0.6313072443008423,-0.09486255794763565,0.2510260343551636,0.7049161791801453,-0.0778440535068512,0.22048595547676086,0.7088562846183777,-0.06059526652097702,screenshot
0.1521364152431488,0.8374402523040771,8.447128863053877e-08,0.23125940561294556,0.8281521201133728,0.005069776903837919,0.30353856086730957,0.7877883911132812,-0.005885489284992218,0.3533928096294403,0.7851585745811462,-0.026041125878691673,0.4015015661716461,0.7987954616546631,-0.046188559383153915,0.2914394736289978,0.5817098021507263,0.010847815312445164,0.34074634313583374,0.521834135055542,-0.017579078674316406,0.3823544979095459,0.53159499168396,-0.0359300933778286,0.41287317872047424,0.5565417408943176,-0.04579515382647514,0.26452216506004333,0.5526526570320129,-0.009777179919183254,0.34029415249824524,0.6060821413993835,-0.045243605971336365,0.31780341267585754,0.7076982855796814,-0.05293158441781998,0.2893776297569275,0.7212262153625488,-0.04983248934149742,0.23660334944725037,0.5468929409980774,-0.033032894134521484,0.30510520935058594,0.6146639585494995,-0.06865942478179932,0.27552855014801025,0.7041957974433899,-0.05834927037358284,0.24366025626659393,0.7004119753837585,-0.0418410450220108,0.20516589283943176,0.5575828552246094,-0.05633162334561348,0.2674080729484558,0.6020531058311462,-0.07422070950269699,0.25358206033706665,0.669104814529419,-0.05789845809340477,0.22547636926174164,0.6671839952468872,-0.03990238904953003,screenshot
0.14614027738571167,0.8280490040779114,4.5047219288107954e-08,0.22605423629283905,0.8167656660079956,0.00998427253216505,0.2996230125427246,0.778629720211029,0.001333313761278987,0.34807056188583374,0.7759865522384644,-0.01757792755961418,0.39580637216567993,0.7889176607131958,-0.03688042610883713,0.28246960043907166,0.5737181901931763,0.01597544737160206,0.3335553705692291,0.5176566243171692,-0.010618219152092934,0.3734833598136902,0.5322705507278442,-0.026576368138194084,0.4024999439716339,0.5586646795272827,-0.03494175896048546,0.2563607096672058,0.5429341793060303,-0.007487388793379068,0.3359021842479706,0.5964414477348328,-0.042663298547267914,0.31075263023376465,0.7007268667221069,-0.048999205231666565,0.2794952094554901,0.7157837748527527,-0.044465698301792145,0.2289455384016037,0.5361362099647522,-0.03338209539651871,0.3034881055355072,0.6017919778823853,-0.0694005936384201,0.27220651507377625,0.6969109177589417,-0.057978615164756775,0.2389916330575943,0.6979538798332214,-0.04035915434360504,0.19815005362033844,0.5479997992515564,-0.058925990015268326,0.2634640634059906,0.5887699723243713,-0.07867851853370667,0.24837563931941986,0.6607788801193237,-0.06278496235609055,0.2200281023979187,0.6638777256011963,-0.04476555436849594,screenshot
0.1628892719745636,0.7823911309242249,1.740643256198382e-07,0.23537185788154602,0.7733139991760254,0.0026201647706329823,0.30277130007743835,0.731523334980011,-0.007776026614010334,0.3547153174877167,0.7191981077194214,-0.028162596747279167,0.4042110741138458,0.7189069986343384,-0.04828210547566414,0.28235065937042236,0.5604200959205627,0.022343838587403297,0.32755470275878906,0.48026469349861145,-0.006161276251077652,0.3683643043041229,0.48080694675445557,-0.02501426823437214,0.4004688262939453,0.4959869086742401,-0.03530799597501755,0.2576759159564972,0.5369642376899719,0.0016550516011193395,0.3296318054199219,0.5378744006156921,-0.04183915629982948,0.30774810910224915,0.6399967670440674,-0.0540856271982193,0.27736663818359375,0.6614661812782288,-0.05073577165603638,0.23120929300785065,0.5204004049301147,-0.023248394951224327,0.2968329191207886,0.5356488227844238,-0.06744790822267532,0.2687155306339264,0.6330263018608093,-0.059229034930467606,0.2346002608537674,0.6371355056762695,-0.04031836986541748,0.2002638578414917,0.5112099051475525,-0.0480690635740757,0.2615779638290405,0.515674352645874,-0.07245779037475586,0.2506389319896698,0.586276650428772,-0.058114126324653625,0.22116708755493164,0.5914621353149414,-0.03983886167407036,screenshot
0.15824554860591888,0.7781447172164917,1.1499187024810453e-07,0.23708391189575195,0.7689264416694641,0.01354990340769291,0.30227789282798767,0.727738618850708,0.006879604421555996,0.35214710235595703,0.7168591022491455,-0.012834266759455204,0.4008205235004425,0.7152301669120789,-0.03316618502140045,0.2811487913131714,0.5612571835517883,0.03516804799437523,0.3257165253162384,0.47512152791023254,0.008759462274610996,0.3662010729312897,0.47308313846588135,-0.009338987991213799,0.39846891164779663,0.48523563146591187,-0.019878236576914787,0.2558465898036957,0.5387024283409119,0.00718409800902009,0.3260817527770996,0.5378733277320862,-0.037077415734529495,0.3034977912902832,0.6404287219047546,-0.050528161227703094,0.271652489900589,0.660257875919342,-0.04816283658146858,0.22884485125541687,0.5213651061058044,-0.02460177056491375,0.2935592532157898,0.5321093201637268,-0.06913916766643524,0.2656002342700958,0.6318421363830566,-0.06055370345711708,0.2308076173067093,0.6332972645759583,-0.04201008751988411,0.19818700850009918,0.5097886919975281,-0.05555866286158562,0.25909245014190674,0.5119356513023376,-0.08045905828475952,0.24698030948638916,0.5847166776657104,-0.06562501937150955,0.2164294421672821,0.5882208347320557,-0.04752650856971741,screenshot
0.15463197231292725,0.7715441584587097,1.2254709247372375e-07,0.23295794427394867,0.7621312141418457,0.005243164487183094,0.30044859647750854,0.7244940996170044,-0.003823862411081791,0.35041362047195435,0.7147972583770752,-0.024028273299336433,0.39742186665534973,0.7130925059318542,-0.044305700808763504,0.2758801281452179,0.548566460609436,0.029581988230347633,0.31952404975891113,0.4583319127559662,0.005224147345870733,0.3582768440246582,0.4377675950527191,-0.011044533923268318,0.3902549147605896,0.4291902184486389,-0.021045129746198654,0.2505135238170624,0.5259352326393127,0.006767852231860161,0.31971147656440735,0.527815580368042,-0.037984754890203476,0.29349204897880554,0.6301559805870056,-0.050818413496017456,0.2596870958805084,0.651178240776062,-0.047107551246881485,0.2242933064699173,0.5085003972053528,-0.020244522020220757,0.2886541187763214,0.520622730255127,-0.06537338346242905,0.2591240704059601,0.6190390586853027,-0.05761631205677986,0.22528289258480072,0.6240569353103638,-0.03870917484164238,0.19450096786022186,0.49819865822792053,-0.04702693969011307,0.2546105980873108,0.503140926361084,-0.07239600270986557,0.2419847995042801,0.5751570463180542,-0.05922631174325943,0.21364803612232208,0.5811748504638672,-0.041819144040346146,screenshot
0.15424279868602753,0.7637291550636292,8.57316209135206e-08,0.2390497773885727,0.7565382719039917,0.013434410095214844,0.30045273900032043,0.7204341292381287,0.006091483868658543,0.35013526678085327,0.714516282081604,-0.014748998917639256,0.3974970877170563,0.7194421887397766,-0.03610583767294884,0.27218982577323914,0.550666093826294,0.04351941496133804,0.31575676798820496,0.46880170702934265,0.02196408621966839,0.34597763419151306,0.4480488896369934,0.005635100416839123,0.36921149492263794,0.42418381571769714,-0.005740208551287651,0.24592941999435425,0.5298032164573669,0.015028265304863453,0.3120594322681427,0.525016725063324,-0.030905859544873238,0.2860267460346222,0.6238293647766113,-0.04761524870991707,0.2519868314266205,0.6357453465461731,-0.04669000580906868,0.2196999490261078,0.5103186964988708,-0.017473042011260986,0.28387531638145447,0.5094513297080994,-0.06334477663040161,0.2566883862018585,0.6097084879875183,-0.057864487171173096,0.2240116149187088,0.61192387342453,-0.04060975834727287,0.19278623163700104,0.49539023637771606,-0.04911789298057556,0.25243866443634033,0.4978674054145813,-0.07450073212385178,0.239645853638649,0.570077121257782,-0.0627477765083313,0.21123258769512177,0.5738346576690674,-0.04702293127775192,screenshot
0.16755495965480804,0.772452712059021,9.066644679478486e-08,0.23856763541698456,0.7667737007141113,-0.0012823144206777215,0.307487815618515,0.7267460823059082,-0.010976864024996758,0.35848817229270935,0.7119819521903992,-0.029241865500807762,0.4058707654476166,0.7058942317962646,-0.04735330864787102,0.2897457778453827,0.5657777190208435,0.018541252240538597,0.33694353699684143,0.4921222925186157,-0.008463039062917233,0.37726324796676636,0.48777589201927185,-0.02640696056187153,0.4101874530315399,0.4906332790851593,-0.03654829040169716,0.2661822438240051,0.5395798683166504,0.0010889798868447542,0.331760972738266,0.5418540835380554,-0.04208273068070412,0.30140355229377747,0.63743656873703,-0.05439702048897743,0.2667299807071686,0.6515904068946838,-0.05118434503674507,0.2397577315568924,0.5187676548957825,-0.02043231390416622,0.3002046048641205,0.5270609855651855,-0.06487274914979935,0.26943859457969666,0.6201381683349609,-0.056631188839673996,0.23565562069416046,0.6222696900367737,-0.03758522868156433,0.20674267411231995,0.5032044649124146,-0.04199128970503807,0.26556071639060974,0.49702218174934387,-0.06694278120994568,0.25414562225341797,0.5678653120994568,-0.05247582867741585,0.22556033730506897,0.5776503682136536,-0.03392309322953224,screenshot
0.15977996587753296,0.758826732635498,1.3596793735359824e-07,0.2354411631822586,0.7508706450462341,-0.0019460098119452596,0.30358219146728516,0.7166669368743896,-0.013850369490683079,0.3542494475841522,0.7097154259681702,-0.03481189161539078,0.40147528052330017,0.7157284021377563,-0.055903103202581406,0.2796623110771179,0.5435631275177002,0.020072896033525467,0.3192002773284912,0.44772204756736755,-0.0014163781888782978,0.3530389964580536,0.41020917892456055,-0.014574232511222363,0.38046735525131226,0.3788759410381317,-0.023106945678591728,0.25328654050827026,0.5202322602272034,0.001425899681635201,0.3174945116043091,0.5155115127563477,-0.04272850230336189,0.29168635606765747,0.6159826517105103,-0.05460922047495842,0.25871285796165466,0.6339496970176697,-0.04966353625059128,0.22560225427150726,0.5019918084144592,-0.021175207570195198,0.2865758538246155,0.5045816898345947,-0.06685661524534225,0.2593468427658081,0.6030178666114807,-0.05999348312616348,0.22734522819519043,0.610120952129364,-0.040851715952157974,0.19429399073123932,0.48977115750312805,-0.04378160461783409,0.24921341240406036,0.48180705308914185,-0.07031317800283432,0.2401076704263687,0.5561037063598633,-0.0583592988550663,0.2157878428697586,0.5701314210891724,-0.04115261137485504,screenshot
0.1531653106212616,0.7514874339103699,1.834550715784644e-07,0.24287278950214386,0.746879518032074,0.023291416466236115,0.3013165295124054,0.7187631130218506,0.016337212175130844,0.3497608006000519,0.7181969285011292,-0.006693797651678324,0.39831599593162537,0.7164793014526367,-0.03153873234987259,0.2744270861148834,0.543465256690979,0.05233389511704445,0.3128417730331421,0.4554577171802521,0.03479139506816864,0.34175869822502136,0.4168461859226227,0.02094576135277748,0.3633250594139099,0.3794405460357666,0.009485894814133644,0.2477993369102478,0.5223037600517273,0.015945445746183395,0.3182440996170044,0.509427011013031,-0.026274703443050385,0.2964959144592285,0.6070466041564941,-0.041510459035634995,0.2643772065639496,0.6146561503410339,-0.040930382907390594,0.22017399966716766,0.5033923983573914,-0.023803194984793663,0.28583666682243347,0.4961804151535034,-0.06847953051328659,0.26166269183158875,0.5970973372459412,-0.06229638680815697,0.22910842299461365,0.5933753252029419,-0.04626595973968506,0.19244001805782318,0.48831990361213684,-0.061850015074014664,0.2501603662967682,0.49015098810195923,-0.08787349611520767,0.23798896372318268,0.5640110969543457,-0.07531267404556274,0.20873284339904785,0.5656076669692993,-0.06010784953832626,screenshot
0.15843236446380615,0.7560362815856934,2.551005024997721e-07,0.24073894321918488,0.7515138387680054,0.014917724765837193,0.30425122380256653,0.7300477027893066,0.005297662690281868,0.3507987856864929,0.7321493625640869,-0.017458299174904823,0.3968965411186218,0.7290000319480896,-0.041007209569215775,0.2786240577697754,0.5427507758140564,0.03731684759259224,0.30975571274757385,0.44113972783088684,0.017827225849032402,0.34217339754104614,0.39992663264274597,0.005325677804648876,0.3672066330909729,0.3732544779777527,-0.00327789387665689,0.254937082529068,0.5194030404090881,0.0067936875857412815,0.32893162965774536,0.5025465488433838,-0.034307811409235,0.31178078055381775,0.6031424403190613,-0.046250030398368835,0.28226327896118164,0.6204513311386108,-0.042271193116903305,0.2303328663110733,0.501149594783783,-0.026940155774354935,0.29626861214637756,0.4989379644393921,-0.07039669901132584,0.2715139091014862,0.5999314188957214,-0.06180744618177414,0.23846504092216492,0.6008937358856201,-0.04326283559203148,0.2031310647726059,0.4897673428058624,-0.05948873981833458,0.2606969475746155,0.49065855145454407,-0.08510754257440567,0.2480936497449875,0.5664070248603821,-0.07068784534931183,0.21789373457431793,0.5712707042694092,-0.052950844168663025,screenshot
0.16294915974140167,0.7712289094924927,1.3066986070953135e-07,0.23418623208999634,0.7699850797653198,-0.0010253776563331485,0.30531275272369385,0.7339349389076233,-0.01195625588297844,0.35723450779914856,0.7270471453666687,-0.03162742406129837,0.40641579031944275,0.7392503023147583,-0.05113948509097099,0.2930466830730438,0.5656167268753052,0.017560120671987534,0.34250834584236145,0.4951361417770386,-0.00993845984339714,0.3831026554107666,0.4940386414527893,-0.027099227532744408,0.4160018265247345,0.5014448761940002,-0.0366634763777256,0.26844561100006104,0.537451446056366,-0.000686146377120167,0.33822450041770935,0.542434811592102,-0.042740598320961,0.3074834644794464,0.6396902203559875,-0.05287381634116173,0.27459412813186646,0.6495167016983032,-0.0482475720345974,0.24214664101600647,0.5166758298873901,-0.023062683641910553,0.3053925335407257,0.5305207967758179,-0.0666588619351387,0.27372580766677856,0.6241909265518188,-0.05722734332084656,0.2403469830751419,0.6199661493301392,-0.037714239209890366,0.2097252905368805,0.5021312832832336,-0.04549502953886986,0.2697605788707733,0.5029705166816711,-0.06925852596759796,0.2570665180683136,0.5742350816726685,-0.05378185212612152,0.22815828025341034,0.5772991180419922,-0.034908927977085114,screenshot
0.1578330099582672,0.7490540146827698,1.9403432816034183e-07,0.23915570974349976,0.7444437742233276,0.012188776396214962,0.30510765314102173,0.7190558314323425,0.002576678991317749,0.35181668400764465,0.7269368767738342,-0.019091418012976646,0.39815181493759155,0.7416597008705139,-0.04150967299938202,0.2792110741138458,0.5288569927215576,0.032497674226760864,0.3075268864631653,0.43226128816604614,0.011830087751150131,0.33861044049263,0.39112475514411926,0.0009052869863808155,0.3640890121459961,0.36726683378219604,-0.005978047382086515,0.2536748945713043,0.5069912672042847,0.00441324058920145,0.3256840705871582,0.4959672689437866,-0.03647959604859352,0.3011907935142517,0.6010881066322327,-0.04443967714905739,0.2698904275894165,0.6142352819442749,-0.03699005767703056,0.22791747748851776,0.49146488308906555,-0.027180813252925873,0.2909945845603943,0.4987826347351074,-0.07145021110773087,0.26460736989974976,0.5988776683807373,-0.06132662668824196,0.23307771980762482,0.593187689781189,-0.04107370227575302,0.19896294176578522,0.48315566778182983,-0.057637088000774384,0.25488874316215515,0.48777472972869873,-0.08415506035089493,0.24248729646205902,0.562617301940918,-0.07008316367864609,0.2136409431695938,0.562608003616333,-0.05224062129855156,screenshot
0.16235359013080597,0.7532972693443298,2.6367715122432855e-07,0.23022498190402985,0.7492120862007141,-0.005387037992477417,0.30072256922721863,0.7244722843170166,-0.020134124904870987,0.35164082050323486,0.7350748777389526,-0.04208914563059807,0.3984794318675995,0.7575039863586426,-0.06389583647251129,0.28106582164764404,0.5258546471595764,0.011655800975859165,0.30510997772216797,0.42856210470199585,-0.011117545887827873,0.33080950379371643,0.3833560347557068,-0.02423752099275589,0.35235247015953064,0.35396888852119446,-0.03246156498789787,0.2555358409881592,0.503169059753418,-0.006166623905301094,0.32851922512054443,0.47894471883773804,-0.04755156859755516,0.3115064799785614,0.5824764370918274,-0.057734545320272446,0.28327181935310364,0.6086474061012268,-0.051632750779390335,0.22760039567947388,0.48980823159217834,-0.027747945860028267,0.29009005427360535,0.5008803009986877,-0.07283186912536621,0.26667729020118713,0.6027399301528931,-0.0668950006365776,0.23717182874679565,0.6054979562759399,-0.04846122860908508,0.19597119092941284,0.48713886737823486,-0.0492338202893734,0.2525289058685303,0.49123430252075195,-0.07476552575826645,0.2434602826833725,0.5668310523033142,-0.06217449530959129,0.21845948696136475,0.572044849395752,-0.04507048800587654,screenshot
0.15972279012203217,0.7543553113937378,2.378452563789324e-07,0.22485268115997314,0.7524194717407227,-0.009859086945652962,0.2977416515350342,0.7230074405670166,-0.025091862305998802,0.3483700752258301,0.7295751571655273,-0.045178499072790146,0.3971882462501526,0.7532981038093567,-0.0643727034330368,0.27628177404403687,0.5184077024459839,0.0035921132657676935,0.2995465397834778,0.4227014183998108,-0.01935747265815735,0.32560306787490845,0.37509670853614807,-0.030410803854465485,0.3483898937702179,0.344899445772171,-0.03679206594824791,0.2496047019958496,0.49476632475852966,-0.01079481840133667,0.3268645405769348,0.4775885045528412,-0.04959087446331978,0.3033638000488281,0.5844681262969971,-0.055075839161872864,0.2721930146217346,0.6059228777885437,-0.04585056006908417,0.22145307064056396,0.4815399944782257,-0.02915257215499878,0.28590989112854004,0.5027812123298645,-0.07285571843385696,0.25930216908454895,0.6006504893302917,-0.0654364749789238,0.2294728010892868,0.5941826701164246,-0.046412453055381775,0.1896897703409195,0.482494980096817,-0.04764874652028084,0.24693359434604645,0.4930521249771118,-0.07191845029592514,0.2372560203075409,0.5659657120704651,-0.05870804935693741,0.2109208106994629,0.5645950436592102,-0.04149577394127846,screenshot
0.12337280809879303,0.7573102116584778,2.3334696663823706e-07,0.19667574763298035,0.754019021987915,-0.013039307668805122,0.2713797986507416,0.7225185632705688,-0.03142990171909332,0.32381176948547363,0.726866602897644,-0.053900670260190964,0.3699555993080139,0.7530766725540161,-0.07500806450843811,0.2546209990978241,0.520002543926239,-0.005927573423832655,0.2836464047431946,0.42318564653396606,-0.03342120349407196,0.3139408230781555,0.37687960267066956,-0.04596833884716034,0.3390445113182068,0.3487756848335266,-0.052762504667043686,0.2225704789161682,0.49654528498649597,-0.019747348502278328,0.29615771770477295,0.4909582734107971,-0.058905184268951416,0.26945751905441284,0.5977856516838074,-0.060698430985212326,0.24159209430217743,0.6043879985809326,-0.04999278113245964,0.18991908431053162,0.48626261949539185,-0.038020458072423935,0.25017258524894714,0.512971818447113,-0.0825594887137413,0.22544816136360168,0.6074883341789246,-0.07194233685731888,0.19904670119285583,0.5905971527099609,-0.05198865756392479,0.1537114828824997,0.49042218923568726,-0.05689562112092972,0.20653121173381805,0.503800094127655,-0.08167113363742828,0.19950765371322632,0.5773376226425171,-0.06627528369426727,0.17586493492126465,0.5730842351913452,-0.04798579588532448,screenshot
0.12730732560157776,0.7640900611877441,1.8694089476412046e-07,0.2054462730884552,0.762173056602478,-0.004147770348936319,0.27665185928344727,0.7332921624183655,-0.020376749336719513,0.32654625177383423,0.7331234216690063,-0.04333898797631264,0.3754485249519348,0.7503553628921509,-0.06534092873334885,0.26297542452812195,0.5314651727676392,0.00457087904214859,0.2988714575767517,0.43416476249694824,-0.023775599896907806,0.3337754011154175,0.40549060702323914,-0.03557543456554413,0.3627299666404724,0.39718613028526306,-0.04131777957081795,0.22902464866638184,0.5073544383049011,-0.0153343565762043,0.30595800280570984,0.5047432780265808,-0.054944638162851334,0.2755293548107147,0.6126818060874939,-0.055546846240758896,0.24784228205680847,0.6142258048057556,-0.04425922408699989,0.19537875056266785,0.49670523405075073,-0.03989991173148155,0.2584407925605774,0.5250627398490906,-0.08535842597484589,0.22947843372821808,0.6213430166244507,-0.07225137948989868,0.20336748659610748,0.597343921661377,-0.05120975151658058,0.15919719636440277,0.5010802745819092,-0.06440505385398865,0.2142115831375122,0.5150583982467651,-0.09029283374547958,0.20278078317642212,0.5895925164222717,-0.07334181666374207,0.17708298563957214,0.5784236192703247,-0.05413997173309326,screenshot
0.12224004417657852,0.7582501769065857,1.5372465611562802e-07,0.19911472499370575,0.7492972612380981,-0.004425812512636185,0.27027398347854614,0.7110853791236877,-0.017896436154842377,0.32157042622566223,0.7039538621902466,-0.037740983068943024,0.3710128664970398,0.7201573848724365,-0.056982144713401794,0.2513660490512848,0.5213209390640259,0.008341862820088863,0.28249338269233704,0.42731142044067383,-0.016051625832915306,0.31278231739997864,0.3836882710456848,-0.027307577431201935,0.3393756151199341,0.35348227620124817,-0.03407019004225731,0.22071905434131622,0.4996406137943268,-0.010614724829792976,0.29406628012657166,0.48730039596557617,-0.04880829155445099,0.26591551303863525,0.5952681303024292,-0.05143476277589798,0.2364198863506317,0.6023702621459961,-0.041663412004709244,0.18877990543842316,0.488461434841156,-0.03393460065126419,0.2510829567909241,0.5005452036857605,-0.07909224927425385,0.22466248273849487,0.5991466045379639,-0.06795552372932434,0.1966632604598999,0.5823116302490234,-0.04767957702279091,0.15237081050872803,0.48971012234687805,-0.05697374418377876,0.2068447321653366,0.48770689964294434,-0.08267711848020554,0.19745801389217377,0.5627852082252502,-0.06656663864850998,0.17131498456001282,0.5590476989746094,-0.04801921918988228,screenshot
0.12878642976284027,0.74713134765625,1.8789485523029725e-07,0.20558510720729828,0.7348046898841858,-0.00609820568934083,0.2745394706726074,0.7012242674827576,-0.020291676744818687,0.3239293098449707,0.6904440522193909,-0.04125850647687912,0.37162214517593384,0.6969240307807922,-0.06218492612242699,0.24823153018951416,0.5132372379302979,0.010412639006972313,0.2753645181655884,0.4131472110748291,-0.011200299486517906,0.3016336262226105,0.3617061972618103,-0.022861909121274948,0.3244988024234772,0.3216422200202942,-0.03049258328974247,0.21933765709400177,0.49236834049224854,-0.0065630762837827206,0.2869812250137329,0.4703857898712158,-0.04555662348866463,0.2646144926548004,0.5768420100212097,-0.052540674805641174,0.23531372845172882,0.5967041254043579,-0.04524189978837967,0.18811295926570892,0.4802793562412262,-0.02748478762805462,0.2486032098531723,0.478788822889328,-0.07123668491840363,0.22365544736385345,0.5789681077003479,-0.062339358031749725,0.1932319849729538,0.5778272747993469,-0.042946625500917435,0.15195298194885254,0.47818827629089355,-0.04836002737283707,0.20463083684444427,0.46299120783805847,-0.07329705357551575,0.1981426179409027,0.5381354689598083,-0.058905258774757385,0.17478452622890472,0.5469077825546265,-0.04097772762179375,screenshot
0.13110290467739105,0.7410593032836914,2.394597800048359e-07,0.20522752404212952,0.7364224195480347,-0.005895928014069796,0.27443447709083557,0.7068005204200745,-0.021656831726431847,0.3241879940032959,0.7008876800537109,-0.044311244040727615,0.3723214566707611,0.7063001990318298,-0.0668659433722496,0.2564879357814789,0.5173502564430237,0.006743937730789185,0.29146668314933777,0.42018163204193115,-0.018310517072677612,0.32675570249557495,0.3901899755001068,-0.031552813947200775,0.35536879301071167,0.37646570801734924,-0.03909119591116905,0.22670969367027283,0.49373292922973633,-0.010866226628422737,0.2955200970172882,0.4826452434062958,-0.04924936592578888,0.27491694688796997,0.5857219099998474,-0.05529781058430672,0.2472643405199051,0.5983796715736389,-0.04857110604643822,0.19435231387615204,0.48034530878067017,-0.03265836089849472,0.25302422046661377,0.4904700219631195,-0.07555292546749115,0.2289227545261383,0.588109016418457,-0.06577455997467041,0.19970160722732544,0.5793991684913635,-0.047212228178977966,0.15702089667320251,0.47679099440574646,-0.05453985556960106,0.20828549563884735,0.47218751907348633,-0.07985246926546097,0.20095159113407135,0.5468459129333496,-0.06500354409217834,0.17694851756095886,0.5491545796394348,-0.04714086651802063,screenshot
0.1394190490245819,0.7375545501708984,1.4636957246239035e-07,0.2156202346086502,0.7344900965690613,-0.002266867784783244,0.2813147306442261,0.7099055051803589,-0.019501943141222,0.3308939039707184,0.7046847939491272,-0.04523560404777527,0.375690758228302,0.6939424276351929,-0.0697253867983818,0.26429975032806396,0.5231789946556091,0.008764298632740974,0.2987688481807709,0.4208185374736786,-0.020540505647659302,0.3353424370288849,0.4137338697910309,-0.033945996314287186,0.3590424060821533,0.42950958013534546,-0.039123259484767914,0.23576496541500092,0.4999161660671234,-0.010202944278717041,0.3011109232902527,0.49745258688926697,-0.05003125220537186,0.2760147154331207,0.6007523536682129,-0.053919341415166855,0.24837368726730347,0.5998615622520447,-0.04579208791255951,0.20709377527236938,0.4832710027694702,-0.033665288239717484,0.2659114897251129,0.48961538076400757,-0.076290063560009,0.2405906319618225,0.584069550037384,-0.06191573664546013,0.21108780801296234,0.5703871846199036,-0.040721308439970016,0.17299211025238037,0.47300848364830017,-0.05728144943714142,0.22642385959625244,0.47185179591178894,-0.08193810284137726,0.21694974601268768,0.5445145964622498,-0.06451732665300369,0.19072186946868896,0.5434689521789551,-0.044584281742572784,screenshot
0.14793862402439117,0.7563114166259766,1.2096948864837032e-07,0.21887150406837463,0.7569064497947693,-0.007927616126835346,0.2941490411758423,0.7272224426269531,-0.02251962199807167,0.3469732999801636,0.7261300683021545,-0.04382729530334473,0.39672139286994934,0.7425981760025024,-0.06510259211063385,0.28078219294548035,0.5446845889091492,0.0038334454875439405,0.3338836133480072,0.47587379813194275,-0.022410346195101738,0.3729821741580963,0.45520609617233276,-0.03459036722779274,0.40728890895843506,0.44324353337287903,-0.040706269443035126,0.2512487471103668,0.5139259696006775,-0.011302538216114044,0.3223726749420166,0.5400768518447876,-0.049546532332897186,0.28461146354675293,0.6374945640563965,-0.052819810807704926,0.2536486089229584,0.6364564895629883,-0.04383034631609917,0.22124789655208588,0.49526849389076233,-0.030585303902626038,0.28323015570640564,0.5264330506324768,-0.07395549863576889,0.24832873046398163,0.6189670562744141,-0.061677709221839905,0.21672023832798004,0.6045563817024231,-0.0405302532017231,0.18594662845134735,0.4884253740310669,-0.05036067217588425,0.24118289351463318,0.48234471678733826,-0.07525511831045151,0.2321849912405014,0.5565137267112732,-0.05827854946255684,0.20844118297100067,0.5662593841552734,-0.037785351276397705,screenshot
0.12412916123867035,0.8103161454200745,3.5244551099822274e-07,0.1932738870382309,0.8073422312736511,-0.001459388411603868,0.2621847093105316,0.7878873348236084,-0.014369695447385311,0.3146413564682007,0.7954260110855103,-0.03624683991074562,0.36438730359077454,0.8164299130439758,-0.059720657765865326,0.25588780641555786,0.6105630993843079,0.005908495746552944,0.2962414026260376,0.50187748670578,-0.013570951297879219,0.3304816484451294,0.4610254168510437,-0.026679562404751778,0.36218252778053284,0.4306900203227997,-0.03586556762456894,0.23811477422714233,0.5860674977302551,-0.014385656453669071,0.31195539236068726,0.5428466200828552,-0.05309335142374039,0.32764074206352234,0.6407477259635925,-0.06963235884904861,0.3170405328273773,0.7121631503105164,-0.07092121988534927,0.21441254019737244,0.5740095376968384,-0.03670228645205498,0.28338509798049927,0.547805666923523,-0.07401037216186523,0.28606197237968445,0.654814600944519,-0.07380687445402145,0.2667292356491089,0.7227954268455505,-0.0619935542345047,0.18651878833770752,0.5711642503738403,-0.059447482228279114,0.24242378771305084,0.5241875052452087,-0.08337964117527008,0.2537265121936798,0.5921010971069336,-0.07753689587116241,0.2418757826089859,0.6482452154159546,-0.06617433577775955,screenshot
0.12009713053703308,0.7960713505744934,3.4665666248656635e-07,0.1912851780653,0.7956663966178894,-0.0021568008232861757,0.26080185174942017,0.7775907516479492,-0.015603509731590748,0.3129332661628723,0.7873945832252502,-0.03837146982550621,0.36309581995010376,0.8099324107170105,-0.06307423859834671,0.25345030426979065,0.603473961353302,0.0065067121759057045,0.2942124605178833,0.49063417315483093,-0.013250619173049927,0.327808141708374,0.44965940713882446,-0.0268586166203022,0.3597596287727356,0.4211241900920868,-0.036584142595529556,0.235395610332489,0.5801803469657898,-0.014272667467594147,0.3077131509780884,0.5321638584136963,-0.05522686615586281,0.3245895504951477,0.6273849606513977,-0.07428690791130066,0.31524017453193665,0.701310932636261,-0.07717569917440414,0.2117254137992859,0.5680434703826904,-0.037255723029375076,0.28050652146339417,0.5302197933197021,-0.07608373463153839,0.2860921025276184,0.6370869278907776,-0.0786837562918663,0.2687605619430542,0.7102365493774414,-0.06881289929151535,0.1843339204788208,0.5638837218284607,-0.06068772077560425,0.23954439163208008,0.5125412940979004,-0.08605410158634186,0.2511756122112274,0.5805103182792664,-0.08258507400751114,0.23975513875484467,0.6395124197006226,-0.07311397045850754,screenshot
0.11062224209308624,0.7936467528343201,3.298613364677294e-07,0.18343865871429443,0.7901661992073059,0.002297696191817522,0.25322842597961426,0.7714202404022217,-0.009116766974329948,0.3041114807128906,0.7785173654556274,-0.03053177148103714,0.35362380743026733,0.7967410683631897,-0.053973764181137085,0.242919921875,0.5951647162437439,0.008945410139858723,0.28408682346343994,0.48459094762802124,-0.01152716763317585,0.320122092962265,0.4470919668674469,-0.02532290481030941,0.3532295525074005,0.41913899779319763,-0.035006508231163025,0.22561004757881165,0.5725308060646057,-0.014453249052166939,0.2988743185997009,0.5243592858314514,-0.0547412671148777,0.3146868944168091,0.6238436102867126,-0.07250070571899414,0.3029560148715973,0.6956618428230286,-0.07463553547859192,0.20117750763893127,0.5618135929107666,-0.039860330522060394,0.269156277179718,0.5289158225059509,-0.07936341315507889,0.2746591567993164,0.6398348212242126,-0.0812210962176323,0.25725212693214417,0.7102627754211426,-0.07062219828367233,0.1718674898147583,0.5608262419700623,-0.06534577161073685,0.22621096670627594,0.5077998042106628,-0.09215149283409119,0.2415187954902649,0.5767502784729004,-0.08892884105443954,0.23296090960502625,0.6358612775802612,-0.07927673310041428,screenshot
0.15547871589660645,0.8176336288452148,2.812581669786596e-07,0.23059439659118652,0.8229594826698303,0.002679673256352544,0.3006141483783722,0.8109035491943359,-0.009281556122004986,0.35216742753982544,0.8190263509750366,-0.03136870637536049,0.3981868326663971,0.8380596041679382,-0.05486053600907326,0.2942388951778412,0.6400070786476135,0.01339442003518343,0.33462533354759216,0.5324715375900269,-0.0041703153401613235,0.3709043860435486,0.4965417683124542,-0.01566646434366703,0.40281620621681213,0.47291263937950134,-0.023618534207344055,0.27807286381721497,0.6145262122154236,-0.008639970794320107,0.3516584038734436,0.5811671018600464,-0.0449991449713707,0.3548962473869324,0.677657961845398,-0.05819370970129967,0.334492564201355,0.7368173003196716,-0.05699766054749489,0.25626233220100403,0.5993500351905823,-0.03294200450181961,0.32542911171913147,0.571770429611206,-0.06806808710098267,0.3207818865776062,0.6780182123184204,-0.06543096899986267,0.2962104380130768,0.7380841374397278,-0.05236705392599106,0.23072543740272522,0.5923871994018555,-0.05741909146308899,0.2859151065349579,0.5505994558334351,-0.07952090352773666,0.29251736402511597,0.6230859160423279,-0.07220667600631714,0.2757904529571533,0.675761878490448,-0.06016195937991142,screenshot
0.1527051031589508,0.80727219581604,3.0159156949594035e-07,0.22662612795829773,0.8155187368392944,-0.0018793406197801232,0.29614967107772827,0.8034241795539856,-0.01645210199058056,0.34929102659225464,0.8089675903320312,-0.040263839066028595,0.3945862948894501,0.8311604857444763,-0.06534479558467865,0.2906402349472046,0.6250179409980774,0.00657925009727478,0.33138254284858704,0.5156837105751038,-0.010067940689623356,0.3641723096370697,0.4637070596218109,-0.021221300587058067,0.39191025495529175,0.42125454545021057,-0.029753772541880608,0.2724291682243347,0.5990116000175476,-0.013343418948352337,0.34675076603889465,0.5731279850006104,-0.04916314408183098,0.3486144244670868,0.6695563793182373,-0.06158101558685303,0.32788407802581787,0.7216649055480957,-0.060186754912137985,0.2492837905883789,0.5846821665763855,-0.0353098139166832,0.3173024654388428,0.565925121307373,-0.06946277618408203,0.30662310123443604,0.6693800091743469,-0.06484521925449371,0.278072714805603,0.7214133739471436,-0.05062691122293472,0.22336582839488983,0.5794768929481506,-0.057961754500865936,0.27783650159835815,0.5353657007217407,-0.07837711274623871,0.2846030592918396,0.6061218976974487,-0.06934716552495956,0.26861944794654846,0.6592850685119629,-0.05613254755735397,screenshot
0.14513221383094788,0.7848910689353943,2.559767438015115e-07,0.22240135073661804,0.7929727435112,0.009584886021912098,0.29081475734710693,0.7789573669433594,0.002388763939961791,0.34238913655281067,0.7878336906433105,-0.01668773777782917,0.38934141397476196,0.8064205646514893,-0.037419289350509644,0.28235214948654175,0.6031486392021179,0.027652904391288757,0.31615540385246277,0.4951643645763397,0.012692740187048912,0.3487994372844696,0.45425835251808167,0.001310576917603612,0.37761232256889343,0.4228455126285553,-0.00757859880104661,0.26600900292396545,0.5760741829872131,0.0011878515360876918,0.33859655261039734,0.5325025320053101,-0.03569601848721504,0.3425387144088745,0.6305374503135681,-0.05124248191714287,0.3215502202510834,0.6904577612876892,-0.0509580560028553,0.2443871647119522,0.5590028166770935,-0.0275185015052557,0.3114709258079529,0.5331047773361206,-0.06522461026906967,0.3038957715034485,0.6411668062210083,-0.0632619708776474,0.2781548798084259,0.6952309012413025,-0.049271393567323685,0.2193281650543213,0.5515266060829163,-0.05578742176294327,0.2746501564979553,0.5136538743972778,-0.079646036028862,0.27945446968078613,0.5887861847877502,-0.0718914270401001,0.2615870237350464,0.637437641620636,-0.058880727738142014,screenshot
0.1323806196451187,0.7687915563583374,2.852451927992661e-07,0.21023300290107727,0.7768958210945129,0.015471798367798328,0.27572259306907654,0.756580650806427,0.011333625763654709,0.3255115747451782,0.7644643783569336,-0.005706884432584047,0.3726339042186737,0.7785613536834717,-0.024793855845928192,0.26346904039382935,0.5852042436599731,0.04300810769200325,0.2959486246109009,0.48307234048843384,0.03339051455259323,0.32651540637016296,0.4432615339756012,0.02112971432507038,0.3487321436405182,0.41625887155532837,0.010847867466509342,0.24623826146125793,0.5595353841781616,0.014174685813486576,0.31325381994247437,0.5119615793228149,-0.01792844757437706,0.32585224509239197,0.6001362800598145,-0.03736744821071625,0.3111916184425354,0.6616826057434082,-0.04146504029631615,0.22469913959503174,0.5412790179252625,-0.01710682548582554,0.29122194647789,0.49422138929367065,-0.05029557645320892,0.29728540778160095,0.5844810605049133,-0.05696902424097061,0.28105270862579346,0.6351633667945862,-0.05180627107620239,0.20192895829677582,0.5335679054260254,-0.047281473875045776,0.25812238454818726,0.49085113406181335,-0.07016871124505997,0.2626715898513794,0.5645109415054321,-0.06729726493358612,0.24484874308109283,0.6173681616783142,-0.059628404676914215,screenshot
0.10624602437019348,0.795301616191864,-2.3300586349250807e-07,0.19165456295013428,0.7725864052772522,0.07607589662075043,0.24502326548099518,0.7267640233039856,0.10013921558856964,0.291382759809494,0.7085092067718506,0.10238810628652573,0.3324268162250519,0.7078331112861633,0.10248547047376633,0.21378888189792633,0.5106290578842163,0.08737938106060028,0.2473844289779663,0.39914214611053467,0.09240113943815231,0.28933101892471313,0.3675452470779419,0.09009550511837006,0.32006463408470154,0.3640913963317871,0.08595065027475357,0.20207847654819489,0.5129077434539795,0.03574693575501442,0.30125853419303894,0.5126082301139832,0.027534030377864838,0.3069445788860321,0.6144702434539795,0.02295651100575924,0.2828817665576935,0.6603197455406189,0.02337649278342724,0.2027067095041275,0.5368664264678955,-0.012770147994160652,0.29902181029319763,0.5281420350074768,-0.020869756117463112,0.3006853759288788,0.6295490264892578,-0.011148707941174507,0.27862104773521423,0.6730883717536926,-0.0023865392431616783,0.21388313174247742,0.5738672018051147,-0.055887218564748764,0.28980404138565063,0.5556416511535645,-0.0600275993347168,0.29324570298194885,0.628303050994873,-0.04677598178386688,0.2759611904621124,0.670880913734436,-0.035906802862882614,screenshot
0.08701371401548386,0.8150615692138672,-1.5736723923964746e-07,0.1786225289106369,0.7916436791419983,0.07884242385625839,0.23385460674762726,0.7524058222770691,0.09707333147525787,0.2875761091709137,0.7396734952926636,0.09012429416179657,0.33898138999938965,0.7460638284683228,0.07962905615568161,0.21229638159275055,0.5342773199081421,0.09324196726083755,0.26619839668273926,0.4388783574104309,0.09579259902238846,0.31450751423835754,0.4303557872772217,0.08971600234508514,0.3474061191082001,0.43522948026657104,0.08210805058479309,0.1975412368774414,0.5326454639434814,0.03630773723125458,0.29539477825164795,0.522576630115509,0.022325729951262474,0.29325535893440247,0.6353388428688049,0.012740385718643665,0.26308536529541016,0.6803878545761108,0.010082412511110306,0.19385085999965668,0.5545983910560608,-0.01759432628750801,0.28857800364494324,0.5303089618682861,-0.02702230028808117,0.28634169697761536,0.6448878645896912,-0.016825808212161064,0.25497347116470337,0.6847823858261108,-0.008361604996025562,0.1991855800151825,0.5878927111625671,-0.06627006828784943,0.27912437915802,0.5640653371810913,-0.06949431449174881,0.280474454164505,0.6385670900344849,-0.05446907877922058,0.2534288763999939,0.6718339920043945,-0.04332764074206352,screenshot
0.11312111467123032,0.8243448138237,2.524611808496502e-08,0.20743007957935333,0.819953978061676,0.05328390374779701,0.269835889339447,0.8003228306770325,0.05785905569791794,0.3187098503112793,0.8071604371070862,0.04141950234770775,0.3685518503189087,0.8304051160812378,0.021233543753623962,0.2565222382545471,0.6015374660491943,0.06156255304813385,0.3088001608848572,0.5206175446510315,0.050393324345350266,0.3537292182445526,0.5112290978431702,0.042256541550159454,0.38715943694114685,0.5226672291755676,0.03531418368220329,0.2380683422088623,0.5857974886894226,0.011188067495822906,0.3300427496433258,0.5777745246887207,-0.02192280814051628,0.32289648056030273,0.6889069676399231,-0.030494319275021553,0.29448309540748596,0.7430223226547241,-0.027284296229481697,0.22168253362178802,0.5840875506401062,-0.03884313628077507,0.30664971470832825,0.5668238401412964,-0.07007181644439697,0.2925547659397125,0.6804462671279907,-0.05866675823926926,0.26083216071128845,0.7260360717773438,-0.04258207604289055,0.20810987055301666,0.5935219526290894,-0.08553891628980637,0.2732095718383789,0.5614253282546997,-0.11036904156208038,0.27441850304603577,0.6368719935417175,-0.1011975109577179,0.2534370422363281,0.6789517998695374,-0.08894039690494537,screenshot
0.1052396148443222,0.8082026839256287,-7.258539369559003e-08,0.19570264220237732,0.8036636710166931,0.053574733436107635,0.2580540180206299,0.7765156030654907,0.05890864506363869,0.3061445653438568,0.7851940989494324,0.043622471392154694,0.3560188412666321,0.807954728603363,0.025202926248311996,0.24533088505268097,0.5881602764129639,0.05919231101870537,0.30172932147979736,0.5109352469444275,0.04938796907663345,0.34723588824272156,0.5165857672691345,0.04265573248267174,0.37207332253456116,0.5403381586074829,0.036924269050359726,0.22989889979362488,0.5749598741531372,0.009410991333425045,0.32066667079925537,0.5522559285163879,-0.020961841568350792,0.3164203464984894,0.6656167507171631,-0.028054120019078255,0.2867361903190613,0.7229872345924377,-0.024472199380397797,0.21567414700984955,0.5764074325561523,-0.03992835059762001,0.30609238147735596,0.5421171188354492,-0.06780331581830978,0.29733994603157043,0.6571977734565735,-0.05699889734387398,0.26739025115966797,0.7071675062179565,-0.04264058545231819,0.2042529135942459,0.5916471481323242,-0.08597111701965332,0.2687811255455017,0.5515151023864746,-0.11006618291139603,0.27560970187187195,0.6193142533302307,-0.10388830304145813,0.2585977613925934,0.6571681499481201,-0.0945662334561348,screenshot
0.10625873506069183,0.8040000200271606,-3.265983750111445e-08,0.1966124176979065,0.8016495108604431,0.059072453528642654,0.2585195004940033,0.7775563597679138,0.06743589043617249,0.3082195222377777,0.7858032584190369,0.05350351706147194,0.35704919695854187,0.8120326399803162,0.035509977489709854,0.24661479890346527,0.5867287516593933,0.06878664344549179,0.30332329869270325,0.5061089396476746,0.059124670922756195,0.35071560740470886,0.5133759379386902,0.050608422607183456,0.380278080701828,0.5446303486824036,0.04423942789435387,0.23233431577682495,0.573393702507019,0.016278432682156563,0.32252436876296997,0.5643942952156067,-0.011864738538861275,0.319692999124527,0.6705178022384644,-0.020475514233112335,0.29064109921455383,0.7237167954444885,-0.018294978886842728,0.21955826878547668,0.5752490162849426,-0.03569469600915909,0.30467528104782104,0.5582613945007324,-0.06122617796063423,0.2970508337020874,0.6695306897163391,-0.05208279564976692,0.26690801978111267,0.7159479260444641,-0.038903363049030304,0.20949649810791016,0.5889405608177185,-0.08412611484527588,0.2756171226501465,0.550870954990387,-0.10450654476881027,0.28220996260643005,0.6234909892082214,-0.09584342688322067,0.26265203952789307,0.6682876348495483,-0.08492173254489899,screenshot
0.11602967977523804,0.792543888092041,1.5370723360774718e-07,0.20655083656311035,0.7923604846000671,0.06383999437093735,0.2635633945465088,0.7719168066978455,0.07314180582761765,0.31085315346717834,0.7844826579093933,0.057524923235177994,0.36148810386657715,0.8147381544113159,0.03716695308685303,0.24964876472949982,0.5801656246185303,0.09190429002046585,0.2877960801124573,0.4882311522960663,0.09253057837486267,0.3238082230091095,0.44597572088241577,0.08883947879076004,0.3493015766143799,0.4221085011959076,0.08237791061401367,0.2360338717699051,0.5671334266662598,0.03527122735977173,0.3210998773574829,0.5504360795021057,0.008736207149922848,0.3190578520298004,0.6482203006744385,-0.0037603925447911024,0.2908814549446106,0.693021833896637,-0.003140966175124049,0.2221822589635849,0.56404709815979,-0.021337278187274933,0.30015063285827637,0.5446895360946655,-0.04894818365573883,0.28992992639541626,0.6471356749534607,-0.04811936616897583,0.26117539405822754,0.6812317371368408,-0.03954062610864639,0.21439187228679657,0.5672557950019836,-0.0733148530125618,0.2748236358165741,0.5438322424888611,-0.09464392811059952,0.27384352684020996,0.6134770512580872,-0.09066426753997803,0.24877053499221802,0.6445178985595703,-0.0831981897354126,screenshot
0.12206194549798965,0.7897989749908447,1.579136608143017e-07,0.21260523796081543,0.7943383455276489,0.058808088302612305,0.2716669738292694,0.7766812443733215,0.06661372631788254,0.3195740580558777,0.7906943559646606,0.0509808287024498,0.3679872453212738,0.8225502967834473,0.030883334577083588,0.25832876563072205,0.5783036351203918,0.0822078138589859,0.293337881565094,0.47882917523384094,0.08127415925264359,0.3298782408237457,0.43756523728370667,0.07753250002861023,0.3556223511695862,0.4147038459777832,0.07137526571750641,0.24338632822036743,0.5641233325004578,0.02823527716100216,0.32838189601898193,0.5445603132247925,0.0006026708288118243,0.32940563559532166,0.6445729732513428,-0.011849737726151943,0.30260762572288513,0.6903183460235596,-0.011178902350366116,0.22802329063415527,0.5607780814170837,-0.025639422237873077,0.30476996302604675,0.5410757660865784,-0.05484979599714279,0.2971833646297455,0.6456372737884521,-0.054047130048274994,0.2690478563308716,0.6824746131896973,-0.04503361135721207,0.21750719845294952,0.5656496286392212,-0.07521411776542664,0.2770693004131317,0.5371044874191284,-0.09836027771234512,0.27979183197021484,0.6082316637039185,-0.09471861273050308,0.25743624567985535,0.6441325545310974,-0.08706211298704147,screenshot
0.12067879736423492,0.7822545170783997,1.3777929552816204e-07,0.21133297681808472,0.7933460474014282,0.05266919359564781,0.2733299434185028,0.7774136066436768,0.05545065551996231,0.3201526701450348,0.7936940789222717,0.03669894114136696,0.3668544590473175,0.8261253237724304,0.013759573921561241,0.26609545946121216,0.5852677226066589,0.06037130579352379,0.30414077639579773,0.47525089979171753,0.05197170376777649,0.3464621603488922,0.45814546942710876,0.04602312296628952,0.3742625117301941,0.46716076135635376,0.040114350616931915,0.24698828160762787,0.5726240873336792,0.007786774542182684,0.3316497206687927,0.539616584777832,-0.025893090292811394,0.33519238233566284,0.6475261449813843,-0.037333741784095764,0.3105018138885498,0.7059370279312134,-0.03588992357254028,0.22820042073726654,0.5696365237236023,-0.04460008814930916,0.3089439570903778,0.5355827808380127,-0.07629325240850449,0.30787914991378784,0.6442593932151794,-0.07174339890480042,0.2826969027519226,0.6944115161895752,-0.060896847397089005,0.21172110736370087,0.5748629570007324,-0.09364163875579834,0.2702616751194,0.5375174283981323,-0.12071157991886139,0.2828177809715271,0.6026553511619568,-0.11872320622205734,0.27029871940612793,0.6417437791824341,-0.1124562919139862,screenshot
0.12234663218259811,0.7870137095451355,1.76828535813911e-07,0.2107824832201004,0.7958551645278931,0.04990924522280693,0.270571768283844,0.7793112993240356,0.05428364500403404,0.31873610615730286,0.7928972244262695,0.0373193696141243,0.36537182331085205,0.8211418390274048,0.016727294772863388,0.26208168268203735,0.5925392508506775,0.06801741570234299,0.3044334650039673,0.4880576729774475,0.057215843349695206,0.34966379404067993,0.48340684175491333,0.04797343164682388,0.37876176834106445,0.5068923234939575,0.041609060019254684,0.24543994665145874,0.5763214826583862,0.018098723143339157,0.33039769530296326,0.5427917242050171,-0.014157879166305065,0.3341791033744812,0.6506412029266357,-0.027674484997987747,0.3081403970718384,0.7112924456596375,-0.026940427720546722,0.22932060062885284,0.5696514844894409,-0.03241349756717682,0.30615031719207764,0.5401850938796997,-0.06288762390613556,0.30034545063972473,0.6507592797279358,-0.0583110935986042,0.2701738774776459,0.6989201307296753,-0.04602906480431557,0.214993417263031,0.5693746209144592,-0.07990385591983795,0.27424708008766174,0.5251808762550354,-0.10193090885877609,0.2805713415145874,0.5978015065193176,-0.09407830238342285,0.2597588300704956,0.6428529024124146,-0.08301931619644165,screenshot
